{"cameraMode":{"drawMode":0,"name":"Shaded","section":"Shading Mode"},"sceneLighting":false,"audioPlay":false,"sceneViewState":{"m_AlwaysRefresh":false,"showFog":true,"showSkybox":false,"showFlares":true,"showImageEffects":true,"showParticleSystems":true,"showVisualEffectGraphs":true,"m_FxEnabled":true},"in2DMode":false,"pivot":{"x":0.08881455659866333,"y":0.8973974585533142,"z":-0.09451723098754883},"rotation":{"x":-0.24072901904582978,"y":-0.4184412658214569,"z":0.11571894586086273,"w":-0.8683841228485107},"size":1.408934235572815,"orthographic":false}