{"cameraMode":{"drawMode":0,"name":"Shaded","section":"Shading Mode"},"sceneLighting":false,"audioPlay":false,"sceneViewState":{"m_AlwaysRefresh":false,"showFog":true,"showSkybox":false,"showFlares":true,"showImageEffects":true,"showParticleSystems":true,"showVisualEffectGraphs":true,"m_FxEnabled":true},"in2DMode":false,"pivot":{"x":0.2022569179534912,"y":0.22235369682312013,"z":0.06499087810516358},"rotation":{"x":-0.33998942375183108,"y":-0.446878045797348,"z":0.18857400119304658,"w":-0.8057008981704712},"size":1.8444256782531739,"orthographic":false}