{"cameraMode":{"drawMode":0,"name":"Shaded","section":"Shading Mode"},"sceneLighting":true,"audioPlay":false,"sceneViewState":{"m_AlwaysRefresh":false,"showFog":true,"showSkybox":true,"showFlares":true,"showImageEffects":true,"showParticleSystems":true,"showVisualEffectGraphs":true,"m_FxEnabled":true},"in2DMode":false,"pivot":{"x":-378.66510009765627,"y":31.92302703857422,"z":-88.00139617919922},"rotation":{"x":-0.27678754925727847,"y":-0.23839035630226136,"z":0.07108762115240097,"w":-0.9281740784645081},"size":24.504905700683595,"orthographic":false}