{"cameraMode":{"drawMode":0,"name":"Shaded","section":"Shading Mode"},"sceneLighting":true,"audioPlay":false,"sceneViewState":{"m_AlwaysRefresh":false,"showFog":true,"showSkybox":true,"showFlares":true,"showImageEffects":true,"showParticleSystems":true,"showVisualEffectGraphs":true,"m_FxEnabled":true},"in2DMode":false,"pivot":{"x":-14.398962020874024,"y":-96.76799774169922,"z":-131.03982543945313},"rotation":{"x":-0.21463453769683839,"y":-0.002346376422792673,"z":0.0005350186838768423,"w":-0.9767378568649292},"size":232.71969604492188,"orthographic":false}